"","AC","ALFAA","ALSEA","AMXA","AMXL","ARA","AZTECACPO","BACHCOB","BBVA","BIMBOA","C","CEMEXA","CEMEXB","CMXCPO","CICSAB1","CMOCTEZ","CMRB","COMEUBC","CYDSASAA","ELEKTRA","FMSAUBD","FRAGUAB","GAPB","GBMO","GCARSOA1","GCC","GEOB","GFAMSAA","GFINBURO","GFNORTEO","GIGANTE","GMD","GMEXICOB","GMODELOC","GRUMAB","HOGARB","HOMEX","ICA","ICHB","IDEALB1","INVEXA","KIMBERA","KOFL","KUOB","LAMOSA","MEXCHEM","PENOLES","PINFRA","QCPO","SAN","SAREB","SORIANAB","TELMEXA","TELMEXL","TLVACPO","URBI","VALUEGFO","WALMEXV"
"ene-06",31.45,59.95,11.13,10.85,10.86,13.45,5.79,20,254,9.63,5460,3.47,3.47,27.76,7.82,22.5,3.4,22.03,3.8,105.71,35.59,62,37.56,0.81,14.09,41.4,46.28,25.34,9.51,34.66,8.32,24.85,10.67,47.69,33.23,22.25,69.32,39.6,37.24,10.62,19.43,44.24,34.18,5.84,11.09,4.5,85.15,15.51,2.9,174.67,12.2,18.29,14.1,8.33,46.94,30.92,6.04,18.47
"feb-06",32.86,59.89,12.7,11.5,11.53,15.24,6.14,18.76,258.59,10.77,5410,3.47,3.47,27.76,8.11,25,3.9,21.86,4.49,114.09,34.72,69,40.62,0.81,15.92,43,49.73,30.79,9.78,38.74,9.75,26.3,11.67,51.74,34.89,25.39,79.35,36.9,41.77,10.7,19.67,44.99,36.91,8.14,11.2,5.02,88.98,17,3,185,12.88,20.59,14.16,8.41,53.19,32.96,6.05,18.5
"mar-06",36,65.19,14.59,12.2,12.21,16.19,5.92,19.8,266.82,11.26,5463,3.47,3.47,30.04,8.32,28.3,4.4,21.89,4.67,115.17,38.53,68.5,43.3,0.84,16.68,44,47.46,35.87,11.15,40.97,10.5,26.02,12.36,59.63,36.99,27.34,90.43,39.71,49.8,11.6,19.86,45.64,39.15,8.65,10.96,5.36,97.91,17.5,4.95,200.71,13.49,23.15,14.33,8.49,57.88,34.57,6.05,20.27
"abr-06",44,71.48,14.49,12.17,12.19,18.29,6.69,23.66,261,13.5,6030,3.47,3.47,30.65,10.25,30,4.5,28,4.96,130.99,41.72,74,42.39,1.14,17.66,52,54.21,43.29,10.62,42.25,11,27.01,12.29,59.99,38.92,32.5,106.06,40.75,46.04,13.69,20.54,49.68,41.03,10.01,12.71,6.06,99.1,19.7,5.35,201.94,15.15,23.68,15.2,9.04,58.5,38.96,7.4,23.48
"may-06",42.05,74.96,16.37,12.15,12.23,18.46,7.24,24.16,275.37,13.78,5980,3.47,3.47,32.6,10.15,29,5.15,29.91,4.8,159.81,44.09,77,44.83,1.35,17.8,53.5,58.36,44.56,10.85,43.77,11.55,31,14.04,59.89,32.91,45.76,109.06,40.57,48.16,13.26,20.64,47.32,43.9,11.26,12.31,6.5,104.56,27.27,5.2,210.9,16.14,30.39,16.5,9.97,64.98,39.2,7.4,24.1
"jun-06",40,70.67,18.08,12.35,12.22,17.59,7.27,26.8,271.09,12.97,5621.5,3.47,3.47,31.9,9.89,30.48,5.85,28.46,4.81,168.86,41.21,75,46.32,2.76,16.63,53,60.39,44.63,10.07,43.61,13.2,33.1,15.13,57.44,34.86,43.38,101.45,39.87,41.73,12.63,20.74,46.82,38.52,10.67,12.54,7.64,108.55,26.7,4.99,209,16.21,31.97,16.42,9.57,61.1,43.66,7.41,21.3
"jul-06",40.93,80.89,20.11,13.21,13.22,19.02,8.31,26.8,270,13.89,5663.1,3.47,3.47,30.34,10.17,31.5,6.45,31.19,8.55,171.47,40.68,79,47.71,3.11,17.95,57,64.12,54.91,10.85,52.3,14.25,34,15.91,56.52,34.38,43.62,106.89,42.64,46.44,13.79,20.88,49.78,39.94,11.73,14.09,9.27,127.65,30.07,5.4,197.97,18.25,32.74,18.4,10.88,65.9,46.09,7.77,23.27
"ago-06",38.95,81.65,18.41,14.6,14.39,17.94,7.64,27.95,265,14.8,5876.1,3.47,3.47,29.82,9.55,32,6.7,28.28,8.5,179.98,39.28,86,49.71,3.74,19.18,58.92,60.01,59.01,10.9,47.56,16.65,36.56,18.16,55.97,36.13,46.89,106.19,43.32,49.12,13.68,21.47,48.46,42.53,11.64,16.33,10.93,135.11,30.54,7.79,194.83,18.35,35.12,18.9,11.05,61.5,45.76,7.77,21.2
"sep-06",38.92,85.83,18.31,16.43,16.24,17.25,8.37,28.49,270,17.24,5858.3,3.47,3.47,35.78,10.11,32,6.94,29.09,8.48,208.66,42.71,95,52.87,6.15,20,76.5,60.96,57.97,11.72,50.11,17,45,19.77,59.26,37.27,46.35,107.64,47.97,51.06,16.01,28.17,45.49,42.98,8.56,16.93,11.25,127.54,40.74,7.98,206.65,19,33.06,21.9,12.79,61.87,45.91,7.77,20.06
"oct-06",39.63,84.94,18.68,16.67,16.72,17.48,7.83,29.84,265.86,16.67,5540,3.47,3.47,34.14,10.8,34.55,6.7,27.63,8.35,187.84,42.41,100.5,53.31,6.99,18.46,79,59.15,56.21,13.02,49.58,17.2,55.3,20.48,58.45,35.34,44.57,108.6,54.73,49.87,16.85,32.54,46.92,47.82,9.81,19.95,11.62,128.86,39.74,8.17,200,17.78,34.45,20.6,12.09,59.57,49.38,8.73,20.23
"nov-06",39.2,75.5,18.43,16.22,16.36,16.16,6.7,30.5,269,15.35,5120,3.47,3.47,30.43,12.73,35.98,8,30.14,7.82,214.06,40.61,105.5,53.33,8.79,19.71,82.59,60.22,45.88,15.26,49.64,19.5,48,24,59.46,40,43.97,103.96,69.58,48.51,18.76,34,43.52,50,9.85,23.15,12.18,144.04,40.94,8,204.56,19,37.21,19,11.12,55.56,46.42,8.73,19.71
"dic-06",40.55,79.43,17.47,16.65,16.69,16.84,6.51,29.27,256,16.24,5186,3.47,3.47,30.53,11.52,33.4,7.65,30.47,6.97,219.31,38.39,107.5,55.72,8.25,19.23,67.99,57.43,43.78,13.45,44.99,18.9,48.5,21.43,54.03,39.05,36.84,101.85,60.77,43.59,16.88,34.24,47.04,44.51,9.32,21.5,11.13,147.33,35.79,7.99,202.55,18.36,35.51,19.2,11.54,57.75,41.33,8.74,19.38
"ene-07",40.54,74,17.8,17.4,17.45,14.76,5.91,27.86,256,15.27,5100,3.47,3.47,28.15,11.01,32.48,7.38,29.05,7.15,223.1,40.76,110,59.76,8.55,18.51,66.9,47.81,39.81,13.1,42.92,18.5,41.5,24.39,52.43,35.08,36.84,101.27,65.94,42.26,16.66,34.24,49.8,46.93,9.22,22,12.73,183.99,38.88,7.89,212.02,16.5,33.9,18.3,10.61,52.69,39.63,8.74,19.83
"feb-07",42.01,71.01,15.64,16.88,16.94,12,6.14,24.13,267,15.16,4420,3.47,3.47,27.76,11.52,34,7.3,33.21,8.35,244.96,37.45,113.1,56.06,9.58,20.52,59.69,39.32,38.93,14.25,49.16,22,38.74,30.02,50.32,37.81,37.14,100.79,74.27,42.4,16.54,34.25,45.78,49.5,10.53,23,14.36,255.93,38.9,7.9,232.2,18.53,33.88,19.4,11.41,52.23,41.41,8.74,21.33
"mar-07",36.51,72.02,13.99,16.54,16.78,10.57,5.93,26.55,272,15.06,3640,3.47,3.47,26.69,9.9,29.89,7.8,29.66,8.2,257.57,35.19,113.5,50.08,8.24,16.98,55.21,30.98,39.91,13.62,47.33,27.2,37.88,23.72,47.85,33.81,35.65,89.61,64.55,40.1,14.35,34,45.14,49.55,10.2,25.37,13.22,261.37,36.28,6.45,234,15.5,30.08,20.1,11.97,52.74,37.02,8.74,19.47
"abr-07",37.25,70.8,15.06,16.62,16.74,11.96,6.38,29.02,262.2,16.26,3222.7,3.47,3.47,24.27,10.38,26.76,8.05,27.38,8.49,325.02,41.7,117,48.85,8.17,18.23,68.95,31.31,30.56,14.18,45.08,22,40.96,21.28,51.5,35.89,41.6,89.97,72.12,46,14.18,34,47.85,53.65,12.14,25.25,14.28,229.97,37.4,6.09,237.2,14.38,28.7,20.29,11.9,52.09,37.57,8.74,18.6
"may-07",34.39,66.66,13.67,16,16.27,11.65,5.94,28.5,230.68,16.18,3052.4,3.47,3.47,25.38,10.72,23.2,7.8,26.99,9.89,258.41,39.07,125,46.36,7.84,18.76,62.48,34.88,32.72,12.63,44.66,19.56,27.5,19.71,50.08,28.92,32.98,99.87,70.3,38.47,13.15,29.5,43.85,51.12,10.66,22.2,17.2,249.99,32.59,6.39,193.99,13.3,28.08,19.4,11.59,48.44,38.23,8.74,19.17
"jun-07",41.92,66.2,12.65,16.85,16.12,11.13,5.92,26,220.29,14.55,2549.4,3.47,3.47,25.22,9.8,25.01,7.8,27.06,9.87,251.54,42.71,125,49.11,7.42,20.89,60.39,33.62,29.92,13.84,42.97,21.89,26.5,23.23,48.56,30.16,27.87,105.74,64.46,41.38,13.96,30,44.23,56.17,9.61,21.9,18.12,258.06,37.23,6.28,193.5,14.95,28.06,18,10.48,47.12,38.79,8.74,19.22
"jul-07",41.14,71.01,12.83,16.98,16.96,10.84,6.01,26.13,231.81,16,2277.3,3.47,3.47,24.12,10.56,25.45,8,30.03,9.98,290.58,44.77,125,48.12,7.13,19.85,58,33.95,27.4,15.97,46.14,20.26,26.48,21.94,46.6,25.11,26.74,103.5,63.26,42.03,17.29,30,47.21,60.41,10.44,22.92,17.94,321.79,37.48,5.8,213,14.71,31.21,20,11.84,51.85,34.92,8.74,22.24
"ago-07",40,73.63,13.61,15.88,15.24,10.99,6.34,25.52,240.5,16.79,2629.8,3.47,3.47,24.99,10.27,27.39,7.8,29.63,11.94,324.14,45.8,128,42.89,7.44,21.17,53.49,39.18,30.65,16.74,46.31,19.96,28,23.81,46.31,28.89,24.07,104.39,63.51,47.98,16.77,30,49.75,54.7,9.22,23.5,24.58,309.05,37.7,6,223.6,14.5,33.97,18.97,11.15,51.74,33.61,8.74,21.22
"sep-07",39.65,75.75,13.34,15.33,15.4,11.47,6.8,25,229.17,16.77,2267.8,3.51,3.51,26.15,9.86,27.98,7.8,32.23,11.5,407.79,48.53,129.73,36.54,7.19,20.16,58.2,40.07,40.92,19.73,50.15,19.3,27.19,24,55.7,31.02,24.07,120.1,69.16,52.91,15.37,30.1,48.5,64.22,8.74,23,29.16,304.46,38.69,5.7,215.01,15.4,38.06,21.51,12.54,53.83,39.5,8.74,22.81
"oct-07",37.98,73.73,12.96,13.5,13.63,9.52,6.48,24.99,195.13,16.8,1729.3,3.51,3.51,22.7,9.41,24.79,7.98,31.16,11.34,379.97,46.96,136.4,30.41,6.62,21.33,55.98,34.54,35.18,18.68,48.47,17.5,29,21.79,51.87,28.22,20.27,100.49,64.28,57.44,16.28,30.3,41.95,58.36,7.48,22.9,27.33,270.15,37.3,5.29,189.29,13.58,35.62,12.05,12.24,48.86,35.75,9.53,20.44
"nov-07",35.69,64.95,11.31,12.7,12.73,8.34,6.68,24.13,185.5,16.24,1866.7,3.51,3.51,19.01,9.19,23.8,7.75,29.87,10.03,397.93,46.15,136.5,29.99,5.82,19.36,51.49,36.59,27.38,18.89,43.46,18,27,16.58,52.55,28.67,19.5,93.83,53.3,52.37,15.39,30.3,43.24,57.32,6.41,21.89,22.86,267.03,31.33,5.27,191.4,11.4,36.22,12.5,12.69,45.42,33.55,9.53,20.42
"dic-07",35.4,53.65,11.26,13.18,13.18,8.11,6.57,25.37,173.22,17.14,1954.4,3.51,3.51,18.4,8.99,23.55,7.74,25.67,9,380.94,45.57,137,29.33,5.36,17.79,44.7,30.05,23.58,17.83,41.43,16,25.12,15.89,49.7,29.05,20.27,86.98,46.5,47.7,13.9,30.25,45.26,58.57,6.51,21.49,23.26,169.51,28.49,5.37,174.15,7.97,32.2,12.8,12.67,47.59,28.65,10,18.77
"ene-08",32.62,49.18,8.16,12.25,12.56,6.07,6.81,22.76,175,17.18,2300.4,3.51,3.51,16.67,8.56,24.79,7.68,25.12,9.17,381.62,41.58,134.18,27.57,5.46,18.13,44,24.96,22.35,18.78,34.92,14.5,23.66,10.78,46.54,22.1,14.16,80.78,31.53,39.46,11.2,26.4,47.16,55.63,6.12,20.77,19.66,130.36,20.99,5.1,164.84,4.45,30.97,13.9,13.95,47.26,26.42,10,18.81
"feb-08",27.98,25.37,7.01,9.93,9.95,5.21,6.09,20.3,141.3,15.33,1742,3.51,3.51,8.54,7.43,20.53,7,3.63,6.98,343.12,32.97,118,23.32,4.47,15.51,33.99,17.51,9.65,17.51,24.81,12.5,22.99,10.26,39.22,8.38,10.62,49.68,18.28,26.7,11.09,22,42.86,41.78,4.85,14.98,12.5,115.55,19,4.95,135.5,3.54,25.49,11,11.53,44.73,18.34,10,17.27
"mar-08",27,24.42,6.21,10.25,10.26,4.69,5.89,16.59,138.8,15.73,1110.6,3.51,3.51,8.53,6.01,20.01,7,3,5.99,500.87,36.97,110,29.58,3.2,14.38,28.1,12.12,7.63,17.55,21.41,13.8,16.97,8.22,34.95,6.5,10.55,38.47,19.05,24.94,9.58,20.9,41.99,46.91,4.76,12.3,13.11,115.47,17.38,4.5,109,2.4,25.75,11.51,12.08,40.56,19.99,10,18.36
"abr-08",24.5,29.55,6.23,10.5,10.62,5.36,5.46,15.99,170.19,14.58,942.7,3.51,3.51,11.3,7.3,21.5,6.9,2.98,8.3,581.21,41.37,98,31.46,3.58,16.67,29.8,15.46,7.79,16.18,24.88,12.9,14,8.5,43.78,7,10.55,52.05,22.89,35,9.38,20.9,45.55,60.22,4.08,11.49,12.3,168.73,18.18,3.72,128.9,2.95,28.74,14.2,14.35,40.83,19.01,9.63,18.5
"may-08",25.6,24,4.97,10.15,10.24,3.61,4.91,15.64,132.28,12.85,512.2,3.51,3.51,10.05,5.93,17.8,6.79,3.06,8,324.51,40.17,95,26.76,3.5,14.22,29,15.85,5.73,16.04,18.93,12.7,10.6,7.6,37.88,6.22,10.55,45.7,23.74,40.27,6.36,20.9,46.4,54.47,4.66,10,10.35,128.92,16,3.45,113.2,2.16,22.24,12.7,12.71,40.11,14.75,9.63,14.99
"jun-08",23.81,20.83,4.24,9.5,9.75,3.75,4.71,13.03,108.46,10.76,221.7,3.51,3.51,7.31,6.59,21,6.78,2.84,7,303.54,35.19,90,25.84,2.9,12.91,27.44,13.87,4.88,14.56,16.09,12.6,10.5,8.45,39.23,4.9,9.33,31.82,22.45,32.56,6.81,20.9,47.2,47.53,4.27,9.77,10.18,134.24,15.56,2.59,93.93,1.79,19.96,10.7,10.56,37.31,12.82,9.63,14.2
"jul-08",24.89,21.95,4.16,9.52,9.65,3.74,4.48,13.8,120,13.15,359.1,3.51,3.51,7.93,6.6,19,6.79,4.01,7.8,470.2,35.86,84,25.77,2.7,15.11,28.6,14.43,7.02,18.33,18.83,12,7.6,10.17,42.55,5.31,9.01,31.49,24.35,28.62,8.03,20.9,45.87,48.33,4.56,8.39,9.7,148.17,18.61,2.8,98,1.78,22.66,10.57,10.71,38.75,12.44,9.63,16.54
"ago-08",31.08,24.08,5.62,11.5,11.31,4.24,4.59,17.48,149.4,15.61,426.7,3.51,3.51,9.1,7.01,23.3,6.57,5.14,8,581.95,39,80,28.04,2.71,15.82,30,18.09,9.8,18.64,21.7,13,6.8,10.6,40.05,8.38,11.91,43.17,25.04,30.41,11.12,20.9,49.91,54.05,5.34,8.05,12.07,150.47,21.5,3.97,127.5,2.39,24.51,11.07,11.04,42.76,14.96,9.63,18.83
"sep-08",33.48,35.77,7.39,12.85,12.49,6.09,4.99,19.12,158.9,17.47,485.9,3.65,3.65,11.76,7,25.99,6.14,8.01,9,691.12,42.88,80,27.58,3.3,16.53,29.95,22.93,13.09,19.14,31.25,13.8,7.15,12.45,45.04,14.46,12.81,58.58,25.82,41.18,10.96,21.1,50.91,53.49,6.8,7.3,14.56,199.81,22.7,4.01,140.22,4.09,27.5,10.95,10.92,46.34,18.27,9.63,19.35
"oct-08",30.97,36.93,7.48,12.76,12.75,5.7,5.3,23.84,165,17.49,392.1,3.65,3.65,11.42,7.08,24.7,6.05,7.52,8.98,598.53,42.41,84,33.64,3.58,15.58,34.15,25.49,12.73,17.47,32.05,13.8,6.9,14.22,46.72,14.02,12,61.23,22.6,40.66,10.68,21.3,50.48,52.83,5.83,8,16.35,210.75,20.73,4.06,159.17,3.99,29.59,10.6,10.74,44.78,20.04,9.63,19.48
"nov-08",32.65,49.79,7.73,14.11,14.16,6.74,5.54,22.7,215.84,18.47,414.6,3.65,3.65,11.49,6.6,27.89,5,8.78,9,683.71,51.01,91,37.08,3.57,18.94,35.95,28.09,17.5,18.09,32.57,13.9,5.45,18.45,51.87,19.22,10.47,77.16,24.25,46.49,10.73,21.7,54.97,61.26,7.67,8.05,17.24,210.1,23.14,5.1,190,4,33.07,10.5,10.45,47.53,22.87,9.63,22.48
"dic-08",32.2,58.14,8.25,15.1,15.05,7.68,5.59,23.57,236.8,19.41,668.2,3.65,3.65,16.34,6.7,25.95,4.2,10.94,13,505.92,48.49,104,34.88,4.52,18.97,37,31.53,21.1,17.96,39.19,14.25,7.2,19.35,48.51,20.5,13.98,78.73,28.35,48.51,11.13,22.1,57.51,59.45,7.77,8.38,17.38,207.1,25.64,5.3,206.8,5.29,32.54,12.21,12.41,46.66,25.59,9.63,23.67
"ene-09",33.36,65.24,8.73,14.76,14.78,8.09,5.87,22.9,240.5,18.76,634,3.65,3.65,16.16,7.58,27,3.29,10.85,13.65,534.21,51.38,104,38.75,4.59,19.49,38.49,36.58,21.43,19.13,45.19,13.9,5.83,24.99,50.59,23.64,14.53,85.08,31.77,46.98,12.6,23,56.61,65.07,8.42,8.4,20.23,226.08,24.78,6.15,217.34,5.26,33.31,11.65,11.82,50.09,27.23,10,23.47
"feb-09",33.09,67.75,8.8,14.55,14.58,8.29,6.8,25.3,233.04,19.2,542.5,3.65,3.65,12.73,7.28,28.05,3,10.37,12.6,536.13,55.99,105,33.01,5.3,18,37.99,34.98,22.92,18.69,43.31,13.2,6.5,26.24,60.85,24.27,13.17,78.22,28.98,41.49,13.01,23.5,52.08,71.26,8.21,10.11,21.5,244.12,25.3,6.2,214,4.73,29.68,11,11.09,50.61,25.98,10,23.51
"mar-09",38.46,81.57,10.24,15.7,15.64,9.29,6.88,26,242.37,20.61,530.1,3.65,3.65,13.59,7.46,33,3.1,10.84,13.3,572.04,58.88,113.99,36.63,5.2,17.03,42,35.37,25.61,18.44,44.75,14.55,6,30.41,67.59,23.89,12.99,74.9,31.24,40.36,13.31,24.2,54.27,74.34,9.42,10.05,24.47,301.31,27,6.72,220.99,4.88,32.09,11.7,11.62,53.31,26.29,10.9,26.49
"abr-09",43.39,83.42,10.09,15.3,15.39,9.11,7.06,25,236.25,21.64,435.9,3.65,3.65,14.4,8.09,30,3.03,10.99,14.9,642.62,62.65,129.99,40.68,5.24,17.66,44,34.75,25.25,19.07,47.84,18.91,6.99,30.01,72.99,23.07,12.9,73.5,30.49,45.79,13.31,27,58.56,86.09,10.68,12,24.98,278.84,29.3,7,215.84,4.84,32.78,11,10.96,54.23,29.38,13,29.35
"may-09",42,84.37,10.37,14.25,14.31,8.52,6.91,24,198,20.56,434.7,3.65,3.65,11.31,8.2,35.8,3.02,10.62,13.97,663.85,55.36,129.99,41.31,5.2,17.85,46,34.72,27.13,20.03,43.01,17.55,6.68,26.51,64.55,25.8,12.09,66.82,31.95,40.52,15.6,27,58.68,80.87,11.65,12.75,28,241.95,27.5,7.45,183.22,4.09,30.32,10.54,10.59,51.33,27.76,13.75,29
"jun-09",41.87,86.23,11.52,14.2,14.25,8.69,6.82,22.99,165.49,23.31,434,3.65,3.65,11.34,8.2,30.79,3,11.13,13.6,667.97,54.86,102,43.58,5.3,20.08,45.8,37.65,24.42,22.15,47.78,18.5,5.36,30.51,71.03,25.2,10.92,58.28,28.34,41.6,15.8,27,67.75,82.36,11.17,13.47,29.79,255.83,28.98,6.86,166.24,4.14,34.43,9.7,10,47.29,28.77,15,31.85
"jul-09",42.62,97.39,13.4,15.6,15.57,8.31,7.08,22.76,170.2,27.2,502.2,3.65,3.65,11.78,8.51,33.5,3.1,10.04,16.6,628.05,59.03,109.5,46.02,5.96,20.42,45.88,37.46,24.01,21.2,54.57,19.1,7.78,33.11,72.68,27.95,10.42,58.53,31.62,49.08,17.34,27.25,70.11,82.52,14.55,13.1,36.8,260.76,31,7.52,163.9,4.55,36.84,9.6,9.68,52.28,29.29,15.95,31.56
"ago-09",46.5,95.79,13.29,15.5,15.89,8.46,6.94,22.59,173,24.6,543.5,3.65,3.65,13.61,8.01,30.64,3.19,11.8,16.5,585.76,58.39,102.1,43.59,5.96,19.87,44.78,39.01,22.6,20.71,51.12,19.3,11,32.35,67.9,22.66,10.69,59.39,32.51,51.06,15.53,27.5,71.41,86.27,15.24,14.2,35.25,259.58,30.65,8.5,155,4.22,36.64,9.36,9.5,51.23,28.39,17.5,28.66
"sep-09",44.25,91.44,12.85,15.35,15.83,8.1,6.5,22.88,135,22.97,514.7,3.65,3.65,13.5,7.23,30.77,3.15,12.1,15.56,502.05,56.49,102,45.66,5.4,18.76,45,36.63,21.35,21.41,50.51,18.9,8.59,31.02,71.81,19.56,9.9,57.31,30.45,44.51,15.02,28,70.48,93.64,14.27,13.2,33.99,235.72,27.99,8.15,132.7,3.14,34.59,9.4,9.7,49.96,25.33,18,28.77
"oct-09",44.1,96.78,12.1,15.69,15.4,7.77,6.8,18.5,133.95,22.99,485.5,3.8,3.8,12.12,6.85,29.94,3.05,11.54,16.08,518.52,56.01,100,37.55,5.3,18.15,44.25,34.61,20.7,20.87,50.14,20.9,7.8,30.5,63.88,19.96,8.64,54.75,30.39,43.69,15,28,74.73,80.93,14.27,12.9,33.55,252.14,28.08,8.25,136.27,2.77,32.73,9.01,9.16,45.19,23.93,19,28.64
"nov-09",46.76,98.64,12.55,16.15,15.67,8.31,6.91,19.76,169.61,23.84,518.4,3.8,3.8,11.54,7,30,3.46,11.75,16.51,504.65,61.81,105,41.03,4.8,20.98,43.25,36.03,17.39,22.35,49.55,21.4,8.05,33.65,68.71,18.92,9.48,62.56,31.88,45.48,15.37,28.25,79.99,86.66,14.86,12.5,35.11,264.52,29.01,8.82,163.36,2.8,33.61,9.26,9.23,48.31,24.53,22.5,29.4
"dic-09",50.85,90.69,12.37,15.25,15.41,7.61,8.47,19.81,159.24,22.64,489.9,3.8,3.8,9.88,7.7,30.8,3.25,11.05,17.43,422.41,64.64,107,36.64,4.7,25.79,42.48,34.07,14.43,24.39,47.49,21,9.39,33.84,70.12,17.58,10,60.79,30.18,46.55,16.2,28.25,76.4,99.47,14.37,12.3,33.98,278.56,32.79,8.64,155,2.56,32.67,9.05,9.19,48.96,24.82,22.13,29.51
"ene-10",51.61,97.26,12.57,16.56,16.79,8.15,8.42,20.53,170.31,23.08,493.7,3.8,3.8,10.37,7.27,30.5,3.59,11.13,17.3,441.7,64.04,107,43.5,5,27.99,40,36.16,15.39,24.95,47.71,20,11.68,36.28,69.22,17.99,10,68.02,30.67,43.42,15.29,28.25,80.24,98.75,16.08,12.4,35.26,307.75,36.23,9.05,161,2.76,34.91,9.25,9.41,47.76,26.23,22.6,31.58
"feb-10",51,102.41,12.55,17.5,17.7,7.81,9.3,22.15,161.4,23.8,514.6,3.8,3.8,10.4,8.33,31.75,3.5,13.33,19.2,463.28,67.98,120,45.95,4.95,31.4,39.9,39.19,17.88,26.72,52.67,20.35,11.66,40.61,69.16,24.26,9.18,69.3,32.55,44.87,16.02,28.5,77.5,98.74,17.47,14.5,39.06,349.87,39.87,10.15,159.35,3.17,37.87,9.3,9.55,55.47,26.31,24,33.78
"mar-10",53.5,115.12,11.93,17.55,17.64,7.7,8.72,25.9,117.21,25.41,524,3.8,3.8,10.88,7.37,29.4,3.17,13.59,18.88,500.94,70.6,130,47.77,5,33.74,47,40.25,19.57,27.17,53.79,21.5,11.29,42.42,73.42,23.07,8.89,69.79,32.71,44.6,17.84,29.5,76.49,100.69,17.76,16.85,42.58,391.09,44,11.15,120.56,3.76,38.84,9.9,10.01,57.86,28.55,24,35.12
"abr-10",60,124.4,12.93,17.5,17.74,7.64,8.55,25.55,125.5,26.36,585.5,3.8,3.8,12.66,7.85,30.75,3.38,15.12,19.24,522.85,69.32,145,50.35,5.59,34.6,49.45,45.28,22.89,27.13,58.86,24,10.76,50.59,76.44,23.21,8.65,70,31.63,48.08,17.51,31,75.73,102.17,19.74,19.1,44.21,450.14,43.56,11.12,131.5,3.7,39.65,9.83,10.01,63.91,28.99,25,35.44
"may-10",64.84,132.12,13.75,17.13,17.28,7.67,7.94,25.58,149.82,25.61,582.9,3.8,3.8,11.02,7.84,28.71,3.6,15.25,19.9,504.16,64.37,145,47.34,5.51,34.95,49,41.6,21.66,26.47,53.98,24.3,10.27,47.4,74.77,26.34,8.47,61.66,30.7,47.84,17.3,31.25,67.01,95.95,21.31,21,43.31,402.17,41.87,11.07,148.6,3.5,38.11,10.31,10.52,58.44,29.36,25.75,33.7
"jun-10",65.86,150.72,12.9,17.23,17.34,7.05,8.4,26.36,148.2,23.55,568.1,3.8,3.8,10.46,7.5,29.1,3.39,16.69,19.2,504.87,68.03,145,46.01,5.45,38.76,47.56,34.06,21.89,25.42,54.96,24.3,10.15,45.95,73.22,24.64,8.24,55.1,27.86,47.48,18.1,31.25,70.45,88.48,19.91,20.45,43.5,420.92,44.35,10.53,148.1,2.93,40.02,10.9,10.99,57.15,26.49,29.09,34.62
"jul-10",68.89,154.95,12.61,17.2,17.26,7.27,8.18,27.53,143.32,25.05,527.1,3.8,3.8,10.63,7.61,29.91,3.39,19.35,19.51,512.59,69.85,150,50.57,5.4,39.62,43.9,33.32,20.1,27.28,55.98,24.3,9.47,44.47,71.13,24.96,7.5,54.08,27.08,48.59,18.8,31.25,73.7,92.35,19.93,18,44.54,438.2,50.27,10.99,140.5,3.18,42.41,10.75,10.92,58.42,27.76,30.01,35.63
"ago-10",69.91,172.4,13.07,15.98,16.5,6.84,8.17,27.3,147.4,25.4,524.6,3.8,3.8,9.98,7.8,28.88,3.4,20.07,19.34,524.2,72.45,150,47.88,5.3,44.77,43.8,33.98,23.2,30.7,57.97,22.5,9.6,39.86,71.98,23.05,7.75,54.2,28.42,45.83,21.02,31.25,71.23,91.72,20.72,18.35,43.75,448.26,48.45,10.51,142,3.09,39.71,10.81,10.81,54.51,27.58,32.4,36.06
"sep-10",70.82,166.99,12.42,15.23,15.24,6.39,8.06,25,134.99,26.92,474.48,3.8,3.8,9.98,6.99,29.7,3.39,19.65,18.5,534.09,71.44,150,47.28,5.1,40.8,43.79,27.62,21.06,30.12,53.94,24.5,8,41.49,73.57,20.83,7.4,45.67,28.53,42.62,18.1,31.75,67.93,100.4,19.74,18.7,45.17,450.54,54.39,10.29,136.99,2.87,36.09,10.25,10.38,53.95,24.15,31.75,35.2
"oct-10",83.05,173.95,11.92,15.6,15.8,5.9,9.43,23.66,135.7,27.13,488.3,3.8,3.8,10.06,7.4,29.8,3.49,19.56,20.05,602.71,77.79,160,48.07,5,38.73,43.18,26.95,20.12,29.96,53.3,25.1,7.87,38.79,70.51,24.28,6.75,49.14,26.95,43.66,20.5,32,77.04,108.72,18.71,18.41,47.19,441.34,56.2,10.18,134.3,2.8,35.12,9.5,9.7,57.58,25.69,32.3,34.69
"nov-10",64.31,172.56,13.29,15.1,15.12,6.16,8.89,23.01,122,28.24,449.5,3.8,3.8,8.26,7.15,29,3.35,20.01,20.31,854.93,84.81,159.99,48.1,5,33.05,43.48,23.66,15.6,27.73,51.29,25,9.1,43.23,72.41,24.76,6.69,51.28,23.86,41.6,21.4,32,73.4,113.35,17.6,17.5,50.64,506.19,58.84,10.6,120.89,2.33,32.55,9.15,9.49,52.21,25.85,36.75,32.38
"dic-10",62.11,150.78,11.7,15.25,15.8,5.05,7.1,22.59,112,24.17,383.37,3.8,3.8,6.66,7.71,28,3.3,19.6,23.03,1027.48,84.62,160,47.88,4.9,31.3,45,23.85,13.79,24.96,50.18,21.52,7.47,41.67,71.21,24.17,5.91,42.7,18.66,39.72,20.27,32.25,74,122.09,15.26,16.19,49.75,589.5,57.78,10.3,113.19,1.83,30.11,10.43,10.58,54.52,23.27,35.95,32.77
